[[{"__type__":"cc.SceneAsset","_name":"main","scene":{"__id__":1},"asyncLoadAssets":null},{"__type__":"cc.Scene","_name":"New Node","_children":[{"__id__":2}],"_anchorPoint":{"__type__":"cc.Vec2"},"_trs":{"__type__":"TypedArray","ctor":"Float64Array","array":[0,0,0,0,0,0,1,1,1,1]},"autoReleaseAssets":false},{"__type__":"cc.Node","_name":"Canvas","_parent":{"__id__":1},"_children":[{"__id__":3},{"__id__":4}],"_components":[{"__type__":"cc.Canvas","node":{"__id__":2},"_designResolution":{"__type__":"cc.Size","width":1380,"height":700}}],"_contentSize":{"__type__":"cc.Size","width":1380,"height":700},"_trs":{"__type__":"TypedArray","ctor":"Float64Array","array":[690,350,0,0,0,0,1,1,1,1]},"_id":"afoVRuifJDQpkPz+tiNqq5"},{"__type__":"cc.Node","_name":"Main Camera","_parent":{"__id__":2},"_components":[{"__type__":"cc.Camera","node":{"__id__":3},"_clearFlags":7,"_depth":-1}],"_trs":{"__type__":"TypedArray","ctor":"Float64Array","array":[0,0,366.32874580081756,0,0,0,1,1,1,1]}},{"__type__":"cc.Node","_name":"testgames","_parent":{"__id__":2},"_components":[{"__type__":"cc.Sprite","node":{"__id__":4},"_materials":[{"__uuid__":"ecpdLyjvZBwrvm+cedCcQy"}],"_spriteFrame":{"__uuid__":"88eNOkXT1GR5LXi+OW0E/b"}}],"_contentSize":{"__type__":"cc.Size","width":1366,"height":698},"_trs":{"__type__":"TypedArray","ctor":"Float64Array","array":[0,0,0,0,0,0,1,1,1,1]}}],{"__type__":"cc.SpriteFrame","content":{"name":"testgames","texture":"7bhU3I/qlOqr9sWp1poxWg","rect":[0,0,1366,698],"offset":[0,0],"originalSize":[1366,698],"capInsets":[0,0,0,0]}}]